{"c": {"mean": 103.08, "stddev": 0.4857567250791243, "max": 104.0, "min": 102.0, "groups": {"20": 102.48575672507913, "21": 102.97151345015826, "23": 103.9430269003165, "22": 103.45727017523737}, "variance": 0.23595959595959595}, "d": {"mean": 1003.98, "stddev": 1.820089907869189, "max": 1007.0, "min": 1001.0, "groups": {"30": 1002.8200899078691, "32": 1006.4602697236076, "31": 1004.6401798157384}, "variance": 3.312727272727273}, "f": {"mean": 200.19, "stddev": 0.5064233865696237, "max": 202.0, "min": 200.0, "groups": {"50": 200.50642338656962, "51": 201.01284677313924, "52": 201.51927015970887}, "variance": 0.25646464646464656}, "a": {"mean": 6.96, "stddev": 0.8980337668844341, "max": 9.0, "min": 5.0, "groups": {"1": 6.796067533768868, "0": 5.898033766884434, "3": 8.592135067537736, "2": 7.694101300653303}, "variance": 0.8064646464646462}, "b": {"mean": 13.08, "stddev": 0.48575672507912426, "max": 14.0, "min": 12.0, "groups": {"13": 13.943026900316497, "11": 12.971513450158248, "10": 12.485756725079124, "12": 13.457270175237372}, "variance": 0.23595959595959592}, "e": {"mean": 10000.59, "stddev": 0.4943110704237105, "max": 10001.0, "min": 10000.0, "groups": {"40": 10000.494311070424, "41": 10000.988622140847}, "variance": 0.24434343434343447}}