{"b": {"stddev": 0.48575672507912426, "min": 12.0, "max": 14.0, "variance": 0.23595959595959592, "groups": {"13": 13.943026900316497, "11": 12.971513450158248, "10": 12.485756725079124, "12": 13.457270175237372}, "mean": 13.08}, "e": {"stddev": 0.4943110704237105, "min": 10000.0, "max": 10001.0, "variance": 0.24434343434343447, "groups": {"40": 10000.494311070424, "41": 10000.988622140847}, "mean": 10000.59}, "c": {"stddev": 0.4857567250791243, "min": 102.0, "max": 104.0, "variance": 0.23595959595959595, "groups": {"20": 102.48575672507913, "22": 103.45727017523737, "23": 103.9430269003165, "21": 102.97151345015826}, "mean": 103.08}, "a": {"stddev": 0.8980337668844341, "min": 5.0, "max": 9.0, "variance": 0.8064646464646462, "groups": {"1": 6.796067533768868, "0": 5.898033766884434, "2": 7.694101300653303, "3": 8.592135067537736}, "mean": 6.96}, "d": {"stddev": 1.820089907869189, "min": 1001.0, "max": 1007.0, "variance": 3.312727272727273, "groups": {"32": 1006.4602697236076, "31": 1004.6401798157384, "30": 1002.8200899078691}, "mean": 1003.98}}