{"Fundamental e Medio (publico)": {"mean": 2958265.2266400713, "variance": 5614484146975224.0, "stddev": 74929861.51712295, "max": 1902990315.0, "groups": {"16": 4601900.801881577, "17": 5259293.07446826, "18": 5916685.3470549425, "14": 3287116.256708212, "13": 2629723.98412153, "19": 1902990316.0, "12": 1972331.7115348475, "11": 1314939.438948165, "10": 657547.1663614825, "15": 3944508.529294895}, "min": 154.89377480000002}, "Medio comp e Sup incomp (+25)": {"mean": 3456808.730965434, "variance": 5818775731391976.0, "stddev": 76280900.17423743, "max": 1930145706.0, "groups": {"62": 2304661.013673756, "67": 6145559.603635349, "66": 5377379.8856430305, "61": 1536481.2956814372, "63": 3072840.7316660746, "65": 4609200.167650712, "69": 1930145707.0, "60": 768301.5776891187, "64": 3841020.4496583934, "68": 6913739.321627668}, "min": 121.8596968}, "Graduacao e Pos (particular)": {"mean": 2122.944738635163, "variance": 370707104.5828632, "stddev": 19253.755596840405, "max": 479612.5689, "groups": {"53": 1893.6422220979227, "50": 478.3457296744807, "51": 950.1112271489613, "58": 4252.469709470326, "54": 2365.4077195724035, "52": 1421.876724623442, "57": 3780.7042119958455, "56": 3308.938714521365, "59": 479613.5689, "55": 2837.173217046884}, "min": 6.5802322}, "Pre Escola(publico)": {"mean": 23371.4274524451, "variance": 277327650007.3851, "stddev": 526619.0748609331, "max": 13369077.0, "groups": {"5": 31180.9718494868, "1": 10406.3696695356, "8": 46761.9234844502, "0": 5212.7191245478, "2": 15600.0202145234, "4": 25987.321304498997, "9": 13369078.0, "7": 41568.2729394624, "6": 36374.622394474594, "3": 20793.6707595112}, "min": 19.06857956}, "Pre Escola (particular)": {"mean": 726.6562505451008, "variance": 53261723.98148258, "stddev": 7298.063029426547, "max": 181846.1026, "groups": {"33": 645.9166671512007, "31": 322.95833357560036, "32": 484.43750036340055, "37": 1291.8333343024015, "35": 968.8750007268011, "39": 181847.1026, "38": 1453.3125010902017, "34": 807.3958339390009, "36": 1130.3541675146012, "30": 161.47916678780018}, "min": 0.0}, "Fundamental e Medio (particular)": {"mean": 742956.1141338359, "variance": 286385063511510.25, "stddev": 16922915.33724347, "max": 428811336.0, "groups": {"46": 1155709.5108748558, "48": 1485912.228267672, "43": 660405.434785632, "44": 825506.7934820399, "45": 990608.1521784479, "47": 1320810.869571264, "41": 330202.717392816, "49": 428811337.0, "40": 165101.358696408, "42": 495304.07608922396}, "min": 0.0}, "Graduacao e Pos (publico)": {"mean": 249378.76768650714, "variance": 39976194835875.484, "stddev": 6322673.076782911, "max": 160576401.0, "groups": {"26": 387922.5275123444, "28": 498757.5353730143, "21": 110835.00786066984, "24": 277087.5196516746, "22": 166252.51179100474, "20": 55417.50393033492, "27": 443340.03144267935, "25": 332505.0235820095, "29": 160576402.0, "23": 221670.01572133967}, "min": 0.0}, "Superior completo (+25)": {"mean": 2351872.6578401844, "variance": 3312589516022166.5, "stddev": 57555099.826359145, "max": 1461291214.0, "groups": {"76": 3658493.0492542987, "72": 1567939.5756185795, "71": 1045301.2072096497, "75": 3135854.680845369, "78": 4703769.786072159, "77": 4181131.4176632287, "70": 522662.8388007198, "73": 2090577.9440275093, "79": 1461291215.0, "74": 2613216.312436439}, "min": 24.47039179}}