{"f": {"min": 200.0, "max": 202.0, "groups": {"52": 201.51927015970887, "51": 201.01284677313924, "50": 200.50642338656962}, "variance": 0.25646464646464656, "stddev": 0.5064233865696237, "mean": 200.19}, "a": {"min": 5.0, "max": 9.0, "groups": {"0": 5.898033766884434, "2": 7.694101300653303, "1": 6.796067533768868, "3": 8.592135067537736}, "variance": 0.8064646464646462, "stddev": 0.8980337668844341, "mean": 6.96}, "c": {"min": 102.0, "max": 104.0, "groups": {"23": 103.9430269003165, "21": 102.97151345015826, "20": 102.48575672507913, "22": 103.45727017523737}, "variance": 0.23595959595959595, "stddev": 0.4857567250791243, "mean": 103.08}, "b": {"min": 12.0, "max": 14.0, "groups": {"12": 13.457270175237372, "11": 12.971513450158248, "10": 12.485756725079124, "13": 13.943026900316497}, "variance": 0.23595959595959592, "stddev": 0.48575672507912426, "mean": 13.08}, "e": {"min": 10000.0, "max": 10001.0, "groups": {"40": 10000.494311070424, "41": 10000.988622140847}, "variance": 0.24434343434343447, "stddev": 0.4943110704237105, "mean": 10000.59}, "d": {"min": 1001.0, "max": 1007.0, "groups": {"31": 1004.6401798157384, "32": 1006.4602697236076, "30": 1002.8200899078691}, "variance": 3.312727272727273, "stddev": 1.820089907869189, "mean": 1003.98}}