{
    "Fundamental e Medio (particular)": {
        "groups": {
            "60": 148591.2228267672,
            "61": 297182.4456535344,
            "62": 445773.66848030157,
            "63": 594364.8913070688,
            "64": 742956.114133836,
            "65": 891547.3369606031,
            "66": 1040138.5597873703,
            "67": 1188729.7826141375,
            "68": 1337321.0054409048,
            "69": 1485912.228267672,
            "70": 428811337.0
        },
        "max": 428811336.0,
        "mean": 742956.1141338359,
        "min": 0.0,
        "stddev": 16922915.33724347,
        "variance": 286385063511510.25
    },
    "Fundamental e Medio (publico)": {
        "groups": {
            "10": 591807.9391028143,
            "11": 1183460.9844308286,
            "12": 1775114.029758843,
            "13": 2366767.075086857,
            "14": 2958420.1204148717,
            "15": 3550073.165742886,
            "16": 4141726.2110709,
            "17": 4733379.256398914,
            "18": 5325032.301726929,
            "19": 5916685.347054943,
            "20": 1902990316.0
        },
        "max": 1902990315.0,
        "mean": 2958265.2266400713,
        "min": 154.89377480000002,
        "stddev": 74929861.51712295,
        "variance": 5614484146975224.0
    },
    "Graduacao e Pos (particular)": {
        "groups": {
            "80": 4252.469709470326,
            "81": 479613.5689
        },
        "max": 479612.5689,
        "mean": 2122.944738635163,
        "min": 6.5802322,
        "stddev": 19253.755596840405,
        "variance": 370707104.5828632
    },
    "Graduacao e Pos (publico)": {
        "groups": {
            "30": 49875.753537301425,
            "31": 99751.50707460285,
            "32": 149627.26061190426,
            "33": 199503.0141492057,
            "34": 249378.76768650714,
            "35": 299254.5212238085,
            "36": 349130.27476110996,
            "37": 399006.0282984114,
            "38": 448881.78183571284,
            "39": 498757.5353730143,
            "40": 160576402.0
        },
        "max": 160576401.0,
        "mean": 249378.76768650714,
        "min": 0.0,
        "stddev": 6322673.076782911,
        "variance": 39976194835875.484
    },
    "Medio comp e Sup incomp (+25)": {
        "groups": {
            "100": 1930145707.0,
            "90": 691483.6058898869,
            "91": 1382845.3520829736,
            "92": 2074207.0982760605,
            "93": 2765568.8444691473,
            "94": 3456930.590662234,
            "95": 4148292.336855321,
            "96": 4839654.083048408,
            "97": 5531015.829241495,
            "98": 6222377.575434581,
            "99": 6913739.321627668
        },
        "max": 1930145706.0,
        "mean": 3456808.730965434,
        "min": 121.8596968,
        "stddev": 76280900.17423743,
        "variance": 5818775731391976.0
    },
    "Pre Escola (particular)": {
        "groups": {
            "50": 290.6625002180403,
            "51": 581.3250004360806,
            "52": 871.9875006541208,
            "53": 1162.6500008721612,
            "54": 1453.3125010902015,
            "55": 181847.1026
        },
        "max": 181846.1026,
        "mean": 726.6562505451008,
        "min": 0.0,
        "stddev": 7298.063029426547,
        "variance": 53261723.98148258
    },
    "Pre Escola(publico)": {
        "groups": {
            "0": 4693.35407004902,
            "1": 9367.63956053804,
            "10": 13369078.0,
            "2": 14041.925051027061,
            "3": 18716.21054151608,
            "4": 23390.4960320051,
            "5": 28064.781522494122,
            "6": 32739.06701298314,
            "7": 37413.35250347216,
            "8": 42087.63799396118,
            "9": 46761.9234844502
        },
        "max": 13369077.0,
        "mean": 23371.4274524451,
        "min": 19.06857956,
        "stddev": 526619.0748609331,
        "variance": 277327650007.3851
    },
    "Superior completo (+25)": {
        "groups": {
            "100": 470399.00195982686,
            "101": 940773.5335278638,
            "102": 1411148.0650959006,
            "103": 1881522.5966639374,
            "104": 2351897.1282319743,
            "105": 2822271.659800011,
            "106": 3292646.191368048,
            "107": 3763020.722936085,
            "108": 4233395.254504123,
            "109": 4703769.786072159,
            "110": 1461291215.0
        },
        "max": 1461291214.0,
        "mean": 2351872.6578401844,
        "min": 24.47039179,
        "stddev": 57555099.826359145,
        "variance": 3312589516022166.5
    }
}